SKU,Name,Brand,Expiration Date
0168,CANA DE CABRA,MITICA,2023-05-17
0040,OLIVES OLYMPIA PROVISIONS MIX,DIVINA,2023-05-18
0168,CANA DE CABRA,MITICA,2023-05-26
0040,OLIVES OLYMPIA PROVISIONS MIX,DIVINA,2023-05-27
0180,CAPRICHO DE CABRA,MITICA,2023-05-27
0206,TRUFFLE TREMOR,CYPRESS GROVE,2023-05-27
0168,CANA DE CABRA,MITICA,2023-05-27
0040,OLIVES OLYMPIA PROVISIONS MIX,DIVINA,2023-05-28
0180,CAPRICHO DE CABRA,MITICA,2023-06-01
0206,TRUFFLE TREMOR,CYPRESS GROVE,2023-06-01
0180,CAPRICHO DE CABRA,MITICA,2023-06-01
0206,TRUFFLE TREMOR,CYPRESS GROVE,2023-06-01
0133,EMMENTALER CAVE AGED KALTBACH RAW,EMMI,2023-06-01
0180,CAPRICHO DE CABRA,MITICA,2023-06-03
0206,TRUFFLE TREMOR,CYPRESS GROVE,2023-06-03
0168,CANA DE CABRA,MITICA,2023-06-03
0040,OLIVES OLYMPIA PROVISIONS MIX,DIVINA,2023-06-04
0065,TAPENADE CHOPPED OLIVE,DIVINA,2023-06-04
0065,TAPENADE CHOPPED OLIVE,DIVINA,2023-06-04
0065,TAPENADE CHOPPED OLIVE,DIVINA,2023-06-05
0065,TAPENADE CHOPPED OLIVE,DIVINA,2023-06-05
0065,TAPENADE CHOPPED OLIVE,DIVINA,2023-06-05
0065,TAPENADE CHOPPED OLIVE,DIVINA,2023-06-09
0065,TAPENADE CHOPPED OLIVE,DIVINA,2023-06-09
0065,TAPENADE CHOPPED OLIVE,DIVINA,2023-06-09
0133,EMMENTALER CAVE AGED KALTBACH RAW,EMMI,2023-06-10
0048,HIKA BAY,SAXON HOMESTEAD CREAMERY,2023-06-10
0065,TAPENADE CHOPPED OLIVE,DIVINA,2023-06-11
0065,TAPENADE CHOPPED OLIVE,DIVINA,2023-06-11
0065,TAPENADE CHOPPED OLIVE,DIVINA,2023-06-11
0203,PEPPERS RED PEPPADEW,DIVINA,2023-06-11
0203,PEPPERS RED PEPPADEW,DIVINA,2023-06-11
0038,OLIVES MT ATHOS GREEN GARLIC STUFFED,DIVINA,2023-06-11
0111,CORNICHONS,DIVINA,2023-06-11
0133,EMMENTALER CAVE AGED KALTBACH RAW,EMMI,2023-06-11
0203,PEPPERS RED PEPPADEW,DIVINA,2023-06-12
0203,PEPPERS RED PEPPADEW,DIVINA,2023-06-12
0203,PEPPERS RED PEPPADEW,DIVINA,2023-06-12
0038,OLIVES MT ATHOS GREEN GARLIC STUFFED,DIVINA,2023-06-16
0111,CORNICHONS,DIVINA,2023-06-16
0038,OLIVES MT ATHOS GREEN GARLIC STUFFED,DIVINA,2023-06-16
0111,CORNICHONS,DIVINA,2023-06-16
0203,PEPPERS RED PEPPADEW,DIVINA,2023-06-16
0203,PEPPERS RED PEPPADEW,DIVINA,2023-06-16
0203,PEPPERS RED PEPPADEW,DIVINA,2023-06-16
0038,OLIVES MT ATHOS GREEN GARLIC STUFFED,DIVINA,2023-06-18
0111,CORNICHONS,DIVINA,2023-06-18
0203,PEPPERS RED PEPPADEW,DIVINA,2023-06-18
0133,EMMENTALER CAVE AGED KALTBACH RAW,EMMI,2023-06-18
0203,PEPPERS RED PEPPADEW,DIVINA,2023-06-18
0203,PEPPERS RED PEPPADEW,DIVINA,2023-06-18
0048,HIKA BAY,SAXON HOMESTEAD CREAMERY,2023-06-19
0144,OSSAU IRATY 8 - 12 MONTH,AGOUR,2023-06-20
0006,PECORINO CAMOMILLA,MITICA,2023-06-20
0129,GRUYERE CAVE AGED KALTBACH RAW,EMMI,2023-06-20
0144,OSSAU IRATY 8 - 12 MONTH,AGOUR,2023-06-20
0006,PECORINO CAMOMILLA,MITICA,2023-06-20
0129,GRUYERE CAVE AGED KALTBACH RAW,EMMI,2023-06-20
0174,MIMOLETTE 12 MONTH,ISIGNY STE MERE,2023-06-20
0048,HIKA BAY,SAXON HOMESTEAD CREAMERY,2023-06-20
0144,OSSAU IRATY 8 - 12 MONTH,AGOUR,2023-06-21
0006,PECORINO CAMOMILLA,MITICA,2023-06-21
0129,GRUYERE CAVE AGED KALTBACH RAW,EMMI,2023-06-21
0144,OSSAU IRATY 8 - 12 MONTH,AGOUR,2023-06-21
0006,PECORINO CAMOMILLA,MITICA,2023-06-21
0129,GRUYERE CAVE AGED KALTBACH RAW,EMMI,2023-06-21
0144,OSSAU IRATY 8 - 12 MONTH,AGOUR,2023-06-21
0006,PECORINO CAMOMILLA,MITICA,2023-06-21
0129,GRUYERE CAVE AGED KALTBACH RAW,EMMI,2023-06-21
0174,MIMOLETTE 12 MONTH,ISIGNY STE MERE,2023-06-25
0174,MIMOLETTE 12 MONTH,ISIGNY STE MERE,2023-06-25
0144,OSSAU IRATY 8 - 12 MONTH,AGOUR,2023-06-25
0006,PECORINO CAMOMILLA,MITICA,2023-06-25
0129,GRUYERE CAVE AGED KALTBACH RAW,EMMI,2023-06-25
0144,OSSAU IRATY 8 - 12 MONTH,AGOUR,2023-06-25
0006,PECORINO CAMOMILLA,MITICA,2023-06-25
0129,GRUYERE CAVE AGED KALTBACH RAW,EMMI,2023-06-25
0144,OSSAU IRATY 8 - 12 MONTH,AGOUR,2023-06-25
0006,PECORINO CAMOMILLA,MITICA,2023-06-25
0129,GRUYERE CAVE AGED KALTBACH RAW,EMMI,2023-06-25
0174,MIMOLETTE 12 MONTH,ISIGNY STE MERE,2023-06-27
0144,OSSAU IRATY 8 - 12 MONTH,AGOUR,2023-06-27
0006,PECORINO CAMOMILLA,MITICA,2023-06-27
0129,GRUYERE CAVE AGED KALTBACH RAW,EMMI,2023-06-27
0048,HIKA BAY,SAXON HOMESTEAD CREAMERY,2023-06-27
0144,OSSAU IRATY 8 - 12 MONTH,AGOUR,2023-06-27
0006,PECORINO CAMOMILLA,MITICA,2023-06-27
0129,GRUYERE CAVE AGED KALTBACH RAW,EMMI,2023-06-27
0144,OSSAU IRATY 8 - 12 MONTH,AGOUR,2023-06-27
0006,PECORINO CAMOMILLA,MITICA,2023-06-27
0129,GRUYERE CAVE AGED KALTBACH RAW,EMMI,2023-06-27
0049,ALMONDS MARCONA ORANGE GINGER,MITICA,2023-09-08
0049,ALMONDS MARCONA ORANGE GINGER,MITICA,2023-09-17
0049,ALMONDS MARCONA ORANGE GINGER,MITICA,2023-09-18
0049,ALMONDS MARCONA ORANGE GINGER,MITICA,2023-09-25
